{
  "assetsByChunkName": {
    "vendors~app-account~app-checkout~app-confirmation~app-order": "chunk.44c086d66a43f1ab75aa.js",
    "vendors~app-account~app-confirmation~app-order": "chunk.584d11b58eaa392b5b90.js",
    "vendors~app-account~app-checkout": "chunk.6e160080162105bece7d.js",
    "admin": [
      "admin.f163b455bee010c613c0.js",
      "admin.f163b455bee010c613c0.js.map"
    ],
    "app-account": "chunk.1cd6f75ffe3096251bbf.js",
    "app-cart": "chunk.d83f5e2ac115666c2ebc.js",
    "app-checkout": "chunk.bd72957e354ebb2c9fa7.js",
    "app-confirmation": "chunk.ecb27a3a3da26470db05.js",
    "app-order": "chunk.4ab5eddf706c927d2369.js",
    "checkout": [
      "checkout.9b88c27f36d319ece030.js",
      "checkout.9b88c27f36d319ece030.js.map"
    ],
    "storefront": [
      "storefront.68e37cace9fd7de8d8c5.css",
      "storefront.ce11c277682f4ed5d070.js",
      "storefront.68e37cace9fd7de8d8c5.css.map",
      "storefront.ce11c277682f4ed5d070.js.map"
    ],
    "vendors~app-cart": "chunk.9cf5bc239b8849e18a5a.js",
    "vendors~app-checkout": "chunk.988a022c1198236e040f.js"
  }
}